<?xml version="1.0" encoding="UTF-8"?>
<mapred>
    <!-- profile -->
    <baseId>d2ad4bc5c4be54d28f3e40b98bd33f6a</baseId>
    <projectId>2227</projectId>
    <resourceName>MR</resourceName>
    <idePath>工作流/zcf/mapreduce</idePath>

    <!-- classes -->
    <jobLauncher>zcf.group.MR.JobLauncher</jobLauncher>
    <mapper>zcf.group.MR.MyMapper</mapper>
    <reducer>zcf.group.MR.MyReducer</reducer>
    <combiner></combiner>

    <!--task-->
	<mapOutputKey>user_id:string,item_id:string</mapOutputKey>
    <mapOutputValue>behavior_type:bigint, user_geohash:string,item_category:string,time:string</mapOutputValue>
    <!--
    <partitionColumns>col1,col2</partitionColumns>
    <outputKeySortColumns>col1,col2</outputKeySortColumns>
    <outputKeySortOrders>ASC,DESC</outputKeySortOrders>
    <outputGroupingColumns>col1,col2</outputGroupingColumns>
    <numReduceTask>8</numReduceTask>
    <memoryForMapTask>2048</memoryForMapTask>
    <memoryForReduceTask>2048</memoryForReduceTask>
    -->

    <!-- tables -->
    <!-- IN: user_info_in; zcf_tianchi_user_subset  -->
    <!-- OUT: user_info_out; zcf_train_output18; zcf_test_output0605 ww_test_output0605-->
    <inputTables>
        <table>
            <name>zcf_tianchi_user_subset</name>
        </table>
    </inputTables>
    <outputTable>
        <name>zcf_user_item_score19</name>
    </outputTable>
</mapred>
